{"cameraMode":{"drawMode":0,"name":"Shaded","section":"Shading Mode"},"sceneLighting":true,"audioPlay":false,"sceneViewState":{"m_AlwaysRefresh":false,"showFog":true,"showSkybox":true,"showFlares":true,"showImageEffects":true,"showParticleSystems":true,"showVisualEffectGraphs":true,"m_FxEnabled":true},"in2DMode":false,"pivot":{"x":2.6911818981170656,"y":22.97674560546875,"z":-44.43800354003906},"rotation":{"x":-0.3243141174316406,"y":0.013904144987463951,"z":-0.004764396697282791,"w":-0.9458768367767334},"size":9.806889533996582,"orthographic":false}