{"cameraMode":{"drawMode":0,"name":"Shaded","section":"Shading Mode"},"sceneLighting":true,"audioPlay":false,"sceneViewState":{"m_AlwaysRefresh":false,"showFog":true,"showSkybox":true,"showFlares":true,"showImageEffects":true,"showParticleSystems":true,"showVisualEffectGraphs":true,"m_FxEnabled":true},"in2DMode":false,"pivot":{"x":4.061803817749023,"y":3.2962229251861574,"z":17.061132431030275},"rotation":{"x":-0.03545175865292549,"y":-0.6782362461090088,"z":0.03279203921556473,"w":-0.7333030700683594},"size":11.790107727050782,"orthographic":false}